Workbook

Sheet Summary
A1: ERJ Remote Job Search Sheet — 29 Oct 2026
A2: Roles posted or first appearing from 27 Oct (including those that showed up after the 27 Oct sheet was made) to 29 Oct · fully remote · open to Nigeria · no repeated links
A4: Tab | B4: Open — Nigeria eligible | C4: Check before applying | D4: Total
A5: Customer Support | B5: =COUNTIF('Customer Support'!$E$5:$E$6,"Open*") -> 1 | C5: =COUNTIF('Customer Support'!$E$5:$E$6,"Check*") -> 0 | D5: =B5+C5 -> 1
A6: VA & Admin | B6: =COUNTIF('VA & Admin'!$E$5:$E$12,"Open*") -> 7 | C6: =COUNTIF('VA & Admin'!$E$5:$E$12,"Check*") -> 0 | D6: =B6+C6 -> 7
A7: HR & Legal | B7: =COUNTIF('HR & Legal'!$E$5:$E$7,"Open*") -> 2 | C7: =COUNTIF('HR & Legal'!$E$5:$E$7,"Check*") -> 0 | D7: =B7+C7 -> 2
A8: Sales | B8: =COUNTIF(Sales!$E$5:$E$8,"Open*") -> 1 | C8: =COUNTIF(Sales!$E$5:$E$8,"Check*") -> 1 | D8: =B8+C8 -> 2
A9: Marketing & Creative | B9: =COUNTIF('Marketing & Creative'!$E$5:$E$6,"Open*") -> 1 | C9: =COUNTIF('Marketing & Creative'!$E$5:$E$6,"Check*") -> 0 | D9: =B9+C9 -> 1
A10: Tech & Operations | B10: =COUNTIF('Tech & Operations'!$E$5:$E$11,"Open*") -> 3 | C10: =COUNTIF('Tech & Operations'!$E$5:$E$11,"Check*") -> 3 | D10: =B10+C10 -> 6
A11: micro1 Referral | B11: =COUNTA('micro1 Referral'!$G$5:$G$17) -> 10 | C11: 0 | D11: =B11+C11 -> 10
A12: Total | B12: =SUM(B5:B11) -> 25 | C12: =SUM(C5:C11) -> 4 | D12: =SUM(D5:D11) -> 29
A14: Notes
A15: • Rule used: the posting names Nigeria, Africa, or worldwide/anywhere. EMEA-only, plain "Remote" and roles with office days were left out.
A16: • Every link here is new: none appears on the 27 Oct sheet or any earlier ERJ sheet.
A17: • Legal is covered this time: two Nigeria-based counsel roles via Jobgether.
A18: • Openhill Global and 10Alytics: no new roles (all current openings already shared).
A19: • Left out: micro1 intelligence, military, DoD, naval and nuclear roles, its two US attorney roles and the AI Jailbreak role (shows as closed); Welocalize German Music Localization (German required); South Africa-only VA and paralegal roles found in search; Team4Tech AI Project Manager (40% travel).

Sheet Customer Support
A1: Customer Support — new remote roles open to Nigeria (29 Oct 2026)
A2: Posted or first appeared 27–29 Oct 2026 · fully remote · open to people in Nigeria · no link from any earlier ERJ sheet.
A4: # | B4: Who can apply | C4: Role | D4: Company | E4: Status | F4: Level | G4: Pay (as listed) | H4: Key requirements | I4: Source | J4: Posted | K4: Apply link | L4: Note
A5: ▸ Worldwide / global
A6: 1 | B6: Anywhere in the World | C6: Customer Onboarding Specialist for Company Incorporations (Full Time) | D6: Flag Theory | E6: Open — Nigeria eligible | F6: 2+ years | G6: Undisclosed | H6: 2+ years of hands-on experience in corporate services or company incorporation; Proven knowledge of KYC processes and compliance protocols | I6: We Work Remotely | J6: 28 Oct | K6: Apply ↗ | L6: Listed on We Work Remotely (no login needed)

Sheet VA & Admin
A1: VA & Admin — new remote roles open to Nigeria (29 Oct 2026)
A2: Posted or first appeared 27–29 Oct 2026 · fully remote · open to people in Nigeria · no link from any earlier ERJ sheet.
A4: # | B4: Who can apply | C4: Role | D4: Company | E4: Status | F4: Level | G4: Pay (as listed) | H4: Key requirements | I4: Source | J4: Posted | K4: Apply link | L4: Note
A5: ▸ Worldwide / global
A6: 1 | B6: Worldwide | C6: Administrative & Client Communications Virtual Assistant | D6: 20four7VA | E6: Open — Nigeria eligible | F6: Not stated | G6: Undisclosed | H6: Administrative, executive support, or customer-service experience required; Excellent written English and professional email communication required | I6: Breezy | J6: 27 Oct | K6: Apply ↗
A7: 2 | B7: Worldwide | C7: Customer Service & Operations Coordinator Virtual Assistant | D7: 20four7VA | E7: Open — Nigeria eligible | F7: Not stated | G7: Undisclosed | H7: Customer service or operations administration experience required; Excellent written English and strong proofreading skills required | I7: Breezy | J7: 28 Oct | K7: Apply ↗
A8: 3 | B8: Worldwide | C8: Executive Assistant Virtual Assistant | D8: 20four7VA | E8: Open — Nigeria eligible | F8: Not stated | G8: Undisclosed | H8: Previous experience as an Executive Assistant, Senior Administrative Assistant, or similar role supporting senior leaders or executives; Strong calendar management, meeting coordination, and scheduling experience | I8: Breezy | J8: 27 Oct | K8: Apply ↗
A9: 4 | B9: Worldwide | C9: Inbound Customer Service & Rental Booking Virtual Assistant | D9: 20four7VA | E9: Open — Nigeria eligible | F9: Not stated | G9: Undisclosed | H9: Previous inbound customer service or phone support experience required; Excellent spoken English required | I9: Breezy | J9: 27 Oct | K9: Apply ↗
A10: 5 | B10: Worldwide | C10: Real Estate Transaction Coordination & Administrative Virtual Assistant | D10: 20four7VA | E10: Open — Nigeria eligible | F10: Not stated | G10: Undisclosed | H10: Previous U.S. real estate transaction coordination experience required; Experience with residential offer preparation and contract-to-close workflows strongly preferred | I10: Breezy | J10: 28 Oct | K10: Apply ↗
A11: 6 | B11: Worldwide | C11: Roofing Customer Service & Scheduling Virtual Assistant | D11: 20four7VA | E11: Open — Nigeria eligible | F11: Not stated | G11: Undisclosed | H11: Customer service, receptionist, or front desk support experience required; Back office or administrative experience strongly preferred | I11: Breezy | J11: 27 Oct | K11: Apply ↗
A12: 7 | B12: Worldwide | C12: Social Media & Digital Marketing VA (Part-Time) | D12: 20four7VA | E12: Open — Nigeria eligible | F12: Not stated | G12: Undisclosed | H12: Experience with social media management and digital marketing; Familiarity with Canva and basic graphic design | I12: Breezy | J12: 28 Oct | K12: Apply ↗

Sheet HR & Legal
A1: HR & Legal — new remote roles open to Nigeria (29 Oct 2026)
A2: Posted or first appeared 27–29 Oct 2026 · fully remote · open to people in Nigeria · no link from any earlier ERJ sheet.
A4: # | B4: Who can apply | C4: Role | D4: Company | E4: Status | F4: Level | G4: Pay (as listed) | H4: Key requirements | I4: Source | J4: Posted | K4: Apply link | L4: Note
A5: ▸ Nigeria-based remote
A6: 1 | B6: Nigeria | C6: Product Compliance Counsel | D6: Jobgether partner | E6: Open — Nigeria eligible | F6: Not stated | G6: $5,000 | H6: Product Compliance; Marketing Compliance | I6: Lever | J6: 28 Oct | K6: Apply ↗ | L6: Posted via Jobgether (partner company not named)
A7: 2 | B7: Nigeria | C7: Senior Corporate Counsel | D7: Jobgether partner | E7: Open — Nigeria eligible | F7: Not stated | G7: USD 180,000–300,000 | H7: Lead global securities law compliance and provide strategic guidance on corporate governance matters relevant to a late-stage private…; Manage the international subsidiary structure, including board meetings, corporate records, entity reorganizations | I7: Lever | J7: 27 Oct | K7: Apply ↗ | L7: Posted via Jobgether (partner company not named)

Sheet Sales
A1: Sales — new remote roles open to Nigeria (29 Oct 2026)
A2: Posted or first appeared 27–29 Oct 2026 · fully remote · open to people in Nigeria · no link from any earlier ERJ sheet.
A4: # | B4: Who can apply | C4: Role | D4: Company | E4: Status | F4: Level | G4: Pay (as listed) | H4: Key requirements | I4: Source | J4: Posted | K4: Apply link | L4: Note
A5: ▸ Worldwide / global
A6: 1 | B6: Anywhere in the World | C6: Sales Enablement Manager | D6: Upsun | E6: Open — Nigeria eligible | F6: Not stated | G6: Undisclosed | H6: Enablement program experience; Sales or solutions engineering background | I6: We Work Remotely | J6: 27 Oct | K6: Apply ↗ | L6: Listed on We Work Remotely (no login needed)
A7: ▸ Nigeria-based remote
A8: 2 | B8: Remote, Lagos, Nigeria / Moniepoint Headquaters | C8: Head of Personal Banking Sales Network | D8: Moniepoint | E8: Check — Lagos / HQ listed | F8: 10–15 years | G8: $182 | H8: 10 - 15 years in field sales leadership, with at least 5 years leading regional sales leaders; Direct experience running a distributed agent, agency or independent contractor network of significant scale | I8: Greenhouse | J8: 27 Oct | K8: Apply ↗ | L8: Listed as Remote, Lagos and HQ; a sales-network lead may need field travel

Sheet Marketing & Creative
A1: Marketing & Creative — new remote roles open to Nigeria (29 Oct 2026)
A2: Posted or first appeared 27–29 Oct 2026 · fully remote · open to people in Nigeria · no link from any earlier ERJ sheet.
A4: # | B4: Who can apply | C4: Role | D4: Company | E4: Status | F4: Level | G4: Pay (as listed) | H4: Key requirements | I4: Source | J4: Posted | K4: Apply link | L4: Note
A5: ▸ Region list incl. Nigeria
A6: 1 | B6: Egypt / Argentina / Nigeria | C6: Social Media Community Manager | D6: Scale Army | E6: Open — Nigeria eligible | F6: 2–4 years | G6: $1.5K – $2K per month | H6: Strong written English communication and copy-editing skills; Strong understanding of B2B social media marketing and community engagement | I6: Ashby | J6: 27 Oct | K6: Apply ↗

Sheet Tech & Operations
A1: Tech & Operations — new remote roles open to Nigeria (29 Oct 2026)
A2: Posted or first appeared 27–29 Oct 2026 · fully remote · open to people in Nigeria · no link from any earlier ERJ sheet.
A4: # | B4: Who can apply | C4: Role | D4: Company | E4: Status | F4: Level | G4: Pay (as listed) | H4: Key requirements | I4: Source | J4: Posted | K4: Apply link | L4: Note
A5: ▸ Worldwide / global
A6: 1 | B6: Remote / Global | C6: Senior Data Scientist, MNO Data | D6: GiveDirectly | E6: Open — Nigeria eligible | F6: Not stated | G6: Undisclosed | H6: Exceptional alignment with GiveDirectly Values and active demonstration of our core competencies: emotional intelligence, problem solving; Strong mathematical modeling, machine learning and statistics | I6: Greenhouse | J6: 28 Oct | K6: Apply ↗
A7: 2 | B7: Nairobi / Cape Town / Lagos / Kampala / Accra / Johannesburg | C7: Senior Backend Engineer - Asset Sales | D7: M-KOPA | E7: Check — hub cities listed | F7: Not stated | G7: Undisclosed | H7: Strong grasp of C# and .NET development; Experience with event-driven systems - We use Azure Service Bus | I7: Ashby | J7: 27 Oct | K7: Apply ↗ | L7: Lists Lagos among hub cities; confirm it is fully remote, not hybrid, before applying
A8: 3 | B8: Nairobi / Cape Town / Lagos / Kampala / Accra / Johannesburg | C8: Senior Backend Engineer - Mobility | D8: M-KOPA | E8: Check — hub cities listed | F8: Not stated | G8: Undisclosed | H8: Strong grasp of C# .NET development; Experience with event-driven systems: Service Bus or similar messaging technologies such as Kafka or RabbitMQ | I8: Ashby | J8: 27 Oct | K8: Apply ↗ | L8: Lists Lagos among hub cities; confirm it is fully remote, not hybrid, before applying
A9: 4 | B9: Nairobi / Cape Town / Lagos / Kampala / Accra / Johannesburg | C9: Senior CRM Manager | D9: M-KOPA | E9: Check — hub cities listed | F9: 5+ years | G9: Undisclosed | H9: Build and run multi-channel campaigns (SMS, WhatsApp, push, in-app) in CleverTap against pod goals; Track funnel performance and flag drop-off points to the pod lead you're supporting | I9: Ashby | J9: 28 Oct | K9: Apply ↗ | L9: Lists Lagos among hub cities; confirm it is fully remote, not hybrid, before applying
A10: 5 | B10: Worldwide | C10: Product Engineer (AI-Native) | D10: Social Discovery Group | E10: Open — Nigeria eligible | F10: 3+ years | G10: $5000 | H10: Senior-level engineering background with experience owning a complex production system end-to-end: architecture, reliability; AI agents (Claude Code, Codex or similar) as your primary daily development tool | I10: Breezy | J10: 27 Oct | K10: Apply ↗
A11: 6 | B11: Anywhere in the World | C11: Senior IT Systems Engineer | D11: Upsun | E11: Open — Nigeria eligible | F11: Not stated | G11: Undisclosed | H11: Broad IT engineering experience; Depth in a core area | I11: We Work Remotely | J11: 27 Oct | K11: Apply ↗ | L11: Listed on We Work Remotely (no login needed)

Sheet micro1 Referral
A1: micro1 — new roles on your referral link (29 Oct 2026)
A2: Every "Apply ↗" opens that exact micro1 job with your referral code built in.
A4: # | B4: Field | C4: Role | D4: Pay (as listed) | E4: Openings | F4: Posted | G4: Apply via referral | H4: Note
A5: ▸ Insurance & Claims
A6: 1 | B6: Insurance & Claims | C6: Senior Vehicle Damage and Condition Expert | D6: $20–60/hr | E6: 10 | F6: 28 Oct | G6: Apply ↗ | H6: Global remote, ~10 hrs/week; auto damage estimating, 5+ yrs
A7: 2 | B7: Insurance & Claims | C7: Senior Property Damage and Restoration Expert | D7: $20–60/hr | E7: 10 | F7: 28 Oct | G7: Apply ↗ | H7: Global remote; desk adjusting, Xactimate
A8: 3 | B8: Insurance & Claims | C8: Senior Claims Investigation and Evidence Review Expert | D8: $20–60/hr | E8: 10 | F8: 28 Oct | G8: Apply ↗ | H8: Global remote; fraud / staged-loss detection
A9: 4 | B9: Insurance & Claims | C9: Senior Specialty Inspection Expert, Crop, Auction and Rental | D9: $20–60/hr | E9: 10 | F9: 28 Oct | G9: Apply ↗ | H9: Global remote; crop loss, auction and rental inspection
A10: ▸ Logistics & Engineering
A11: 5 | B11: Logistics & Engineering | C11: Senior Cargo Condition and Securing Surveyor | D11: $20–60/hr | E11: 10 | F11: 28 Oct | G11: Apply ↗ | H11: Global remote; reefer cargo, container and lashing surveys
A12: 6 | B12: Logistics & Engineering | C12: Senior Advanced NDT and Imaging Specialist | D12: $20–60/hr | E12: 10 | F12: 28 Oct | G12: Apply ↗ | H12: Global remote; ASNT / NAS 410 / EN 4179 certification required
A13: 7 | B13: Logistics & Engineering | C13: Senior Industrial Trades and Maintenance Expert | D13: $20–60/hr | E13: 10 | F13: 28 Oct | G13: Apply ↗ | H13: Global remote; millwright and trade drawings
A14: 8 | B14: Logistics & Engineering | C14: Senior Technical Documentation, Parts and Annotation Specialist | D14: $20–60/hr | E14: 10 | F14: 28 Oct | G14: Apply ↗ | H14: Remote; assembly manuals, parts ID, annotation QA
A15: 9 | B15: Logistics & Engineering | C15: Senior Flight Operations Expert | D15: $20–60/hr | E15: 10 | F15: 28 Oct | G15: Apply ↗ | H15: Global remote; pilot or dispatcher background
A16: ▸ Creative
A17: 10 | B17: Creative | C17: Senior Photographer | D17: $55–105/hr | E17: 50 | F17: 28 Oct | G17: Apply ↗ | H17: Remote; 5+ yrs professional photography, Lightroom/Photoshop
